{
  "Disabled": false,
  "Testing": false,
  "ScheduledForDeletion": false,
  "InstalledFromUrl": "",
  "WorkingPluginId": "c8e8bc7f-2f2f-434e-a9e4-5b6c24d259cd",
  "IsThirdParty": false,
  "EffectiveVersion": "1.3.1.1",
  "Author": "Bluefissure",
  "Name": "HousingPos",
  "Punchline": "A housing tool",
  "Description": "Automatically save/load the positions of housing furnitures.",
  "Changelog": null,
  "Tags": [
    "bluefissure",
    "housing"
  ],
  "CategoryTags": null,
  "IsHide": false,
  "InternalName": "HousingPos",
  "AssemblyVersion": "1.3.1.1",
  "TestingAssemblyVersion": null,
  "IsTestingExclusive": false,
  "RepoUrl": "https://github.com/Bluefissure/HousingPos",
  "ApplicableVersion": "any",
  "DalamudApiLevel": 9,
  "DownloadCount": 0,
  "LastUpdate": 0,
  "DownloadLinkInstall": null,
  "DownloadLinkUpdate": null,
  "DownloadLinkTesting": null,
  "LoadRequiredState": 0,
  "LoadSync": false,
  "LoadPriority": 0,
  "CanUnloadAsync": false,
  "SupportsProfiles": true,
  "ImageUrls": null,
  "IconUrl": null,
  "AcceptsFeedback": true,
  "FeedbackMessage": null,
  "_Dip17Channel": null
}